<?xml version="1.0" encoding="UTF-8"?>

<mule xmlns:db="http://www.mulesoft.org/schema/mule/db" xmlns:data-mapper="http://www.mulesoft.org/schema/mule/ee/data-mapper" xmlns="http://www.mulesoft.org/schema/mule/core" xmlns:doc="http://www.mulesoft.org/schema/mule/documentation"
	xmlns:spring="http://www.springframework.org/schema/beans" 
	xmlns:xsi="http://www.w3.org/2001/XMLSchema-instance"
	xsi:schemaLocation="http://www.springframework.org/schema/beans http://www.springframework.org/schema/beans/spring-beans-current.xsd
http://www.mulesoft.org/schema/mule/ee/data-mapper http://www.mulesoft.org/schema/mule/ee/data-mapper/current/mule-data-mapper.xsd
http://www.mulesoft.org/schema/mule/db http://www.mulesoft.org/schema/mule/db/current/mule-db.xsd
http://www.mulesoft.org/schema/mule/core http://www.mulesoft.org/schema/mule/core/current/mule.xsd">
    <db:oracle-config name="Oracle_Configuration" host="10.30.5.4" port="1521" instance="XE" user="mednic_wminfra1" password="mednic_wminfra1" doc:name="Oracle Configuration"/>
    <db:oracle-config name="Oracle_TargetDB" host="10.30.5.4" port="1521" instance="XE" user="mednic_wminfra1" password="mednic_wminfra1" doc:name="Oracle Configuration"/>
    <data-mapper:config name="JSON_To_Map" transformationGraphPath="json_to_map.grf" doc:name="JSON_To_Map"/>
    <flow name="testpoll2Flow">
        <poll doc:name="Poll">
            <fixed-frequency-scheduler frequency="5000"/>
            <watermark variable="emp_id" default-expression="0" selector="LAST" selector-expression="#[flowVars.empID]"/>
            <db:select config-ref="Oracle_Configuration" doc:name="Database">
                <db:parameterized-query><![CDATA[select emp_id,name,sal from SYSTEM.employess where process_flag='N' and emp_id != #[flowVars.empID]]]></db:parameterized-query>
            </db:select>
        </poll>
        <logger message="#[payload]" level="INFO" doc:name="Logger"/>
        <foreach collection="#[payload]" doc:name="For Each">
            <set-variable variableName="empID" value="#[payload.EMP_ID]" doc:name="Variable"/>
            <logger message="#[payload]" level="INFO" doc:name="Logger"/>
            <db:insert config-ref="Oracle_TargetDB" doc:name="Database">
                <db:parameterized-query><![CDATA[insert into SYSTEM.target_emp(emp_id,name,sal) values(#[payload.emp_id],#[payload.name],#[payload.sal])]]></db:parameterized-query>
            </db:insert>
            <db:update config-ref="Oracle_Configuration" doc:name="Database">
                <db:parameterized-query><![CDATA[update SYSTEM.employess set process_flag ='C' where emp_id = #[flowVars.empID]]]></db:parameterized-query>
            </db:update>
        </foreach>
    </flow>
</mule>
